x0,y0,z0,x1,y1,z1,x2,y2,z2,x3,y3,z3,x4,y4,z4,x5,y5,z5,x6,y6,z6,x7,y7,z7,x8,y8,z8,x9,y9,z9,x10,y10,z10,x11,y11,z11,x12,y12,z12,x13,y13,z13,x14,y14,z14,x15,y15,z15,x16,y16,z16,x17,y17,z17,x18,y18,z18,x19,y19,z19,x20,y20,z20,x21,y21,z21,x22,y22,z22,x23,y23,z23,x24,y24,z24,x25,y25,z25,x26,y26,z26,x27,y27,z27,x28,y28,z28,x29,y29,z29,x30,y30,z30,x31,y31,z31,x32,y32,z32
0.5069420337677002,0.22610905766487122,-0.25876107811927795,0.5135423541069031,0.21238857507705688,-0.24270178377628326,0.5160309672355652,0.21299782395362854,-0.24271032214164734,0.5187726616859436,0.21356254816055298,-0.24269290268421173,0.5032190084457397,0.21081307530403137,-0.2434808611869812,0.4998822808265686,0.21043303608894348,-0.24349890649318695,0.49718838930130005,0.21056005358695984,-0.24349406361579895,0.5231485962867737,0.22247424721717834,-0.14417769014835358,0.4930709898471832,0.21927401423454285,-0.14827175438404083,0.5120209455490112,0.2448129504919052,-0.2220250517129898,0.5001236796379089,0.24374163150787354,-0.223298117518425,0.5430434942245483,0.32679617404937744,-0.07315421104431152,0.46388524770736694,0.31424248218536377,-0.0880487933754921,0.5525224804878235,0.42726877331733704,-0.04019671678543091,0.4532487094402313,0.4190833568572998,-0.06570058315992355,0.5625035762786865,0.5207220315933228,-0.14646586775779724,0.4458206295967102,0.5072155594825745,-0.16194823384284973,0.5659961104393005,0.5556883215904236,-0.1737816482782364,0.44170162081718445,0.5396811366081238,-0.19415371119976044,0.5620166659355164,0.552415132522583,-0.20706476271152496,0.4477483630180359,0.5373860001564026,-0.22038307785987854,0.5600656270980835,0.543811023235321,-0.16186580061912537,0.4509562849998474,0.5292918682098389,-0.17458339035511017,0.5158827304840088,0.5322251915931702,0.006127064116299152,0.4693836271762848,0.5257373452186584,-0.006216730456799269,0.5224683284759521,0.6825432181358337,0.023169415071606636,0.44747668504714966,0.6839972734451294,-0.00527616823092103,0.5281298160552979,0.821601390838623,0.18552199006080627,0.4305697977542877,0.8215888738632202,0.14085961878299713,0.5218604803085327,0.8378795385360718,0.19465678930282593,0.43513086438179016,0.8385129570960999,0.1480533480644226,0.541253924369812,0.8787089586257935,0.0857173502445221,0.409042626619339,0.8758107423782349,0.03236617520451546
0.5052650570869446,0.22741509974002838,-0.22381453216075897,0.5112422704696655,0.21353210508823395,-0.20816975831985474,0.5143089294433594,0.21406525373458862,-0.20818966627120972,0.5169986486434937,0.2146669179201126,-0.2081829458475113,0.5012018084526062,0.21185001730918884,-0.20836560428142548,0.49786433577537537,0.21143299341201782,-0.20836180448532104,0.4950849711894989,0.21147866547107697,-0.20833979547023773,0.520257294178009,0.2226044237613678,-0.11339627951383591,0.4916028380393982,0.21933962404727936,-0.11414048820734024,0.5102754831314087,0.24613966047763824,-0.18844455480575562,0.4986647963523865,0.24512331187725067,-0.1887478083372116,0.5402911305427551,0.326778769493103,-0.05279058218002319,0.46251922845840454,0.31432732939720154,-0.05625029653310776,0.5507878661155701,0.42728281021118164,-0.035517867654561996,0.4509294927120209,0.41905781626701355,-0.037598900496959686,0.5604252219200134,0.5207288265228271,-0.14901836216449738,0.44520607590675354,0.5067249536514282,-0.13714228570461273,0.5636782050132751,0.5557076334953308,-0.1793832778930664,0.44165435433387756,0.5388573408126831,-0.16957326233386993,0.5595633387565613,0.5525519847869873,-0.21093876659870148,0.44762781262397766,0.5361282229423523,-0.19635753333568573,0.5569303035736084,0.543809711933136,-0.16423921287059784,0.45057547092437744,0.5272606015205383,-0.15026329457759857,0.5139087438583374,0.5324692726135254,0.0033193647395819426,0.4673096835613251,0.52631676197052,-0.0033764184918254614,0.5219074487686157,0.6848267316818237,0.004027761984616518,0.44696712493896484,0.6847397089004517,-0.0043589090928435326,0.5283522605895996,0.8240353465080261,0.15558725595474243,0.43023958802223206,0.8217170834541321,0.14244344830513,0.5224722623825073,0.8396276235580444,0.16357412934303284,0.434626042842865,0.8384619355201721,0.14972904324531555,0.541408360004425,0.8806113004684448,0.0518350712954998,0.40812745690345764,0.8757477402687073,0.035974033176898956
0.5004528760910034,0.2275896966457367,-0.23115958273410797,0.5061993598937988,0.21386992931365967,-0.21622790396213531,0.5096747279167175,0.21445001661777496,-0.21624009311199188,0.5124709606170654,0.2150251567363739,-0.21623319387435913,0.49604180455207825,0.21211494505405426,-0.21551476418972015,0.4935852587223053,0.21174484491348267,-0.21551339328289032,0.4910675585269928,0.2116904854774475,-0.21549388766288757,0.5161839723587036,0.22274832427501678,-0.12264429032802582,0.4873957931995392,0.2193325012922287,-0.11939737200737,0.5055468678474426,0.24641768634319305,-0.19630303978919983,0.4939485490322113,0.24514959752559662,-0.19534112513065338,0.5363970398902893,0.3268449604511261,-0.0583467036485672,0.4582066535949707,0.3143464922904968,-0.05943862721323967,0.5458644032478333,0.42796069383621216,-0.04111644998192787,0.44806593656539917,0.4190521836280823,-0.036040160804986954,0.5581209063529968,0.5213539600372314,-0.15784910321235657,0.4443172514438629,0.5064843893051147,-0.13252414762973785,0.5616177320480347,0.5565235018730164,-0.18857543170452118,0.44144153594970703,0.5384088158607483,-0.16418009996414185,0.5575286746025085,0.5538120865821838,-0.22021082043647766,0.44726407527923584,0.5354282855987549,-0.19119898974895477,0.5544881820678711,0.5449267625808716,-0.17306949198246002,0.4498995840549469,0.5263596773147583,-0.14577274024486542,0.5115420818328857,0.5323743224143982,0.0006305509014055133,0.4641558825969696,0.5263588428497314,-0.0007045558304525912,0.5206566452980042,0.6867071390151978,-0.007816029712557793,0.4451914429664612,0.685820996761322,-0.0024598604068160057,0.5287283062934875,0.824190080165863,0.15591996908187866,0.43020719289779663,0.8222696185112,0.15084348618984222,0.5234721302986145,0.8396155834197998,0.16515584290027618,0.4346157908439636,0.8384522795677185,0.1589251309633255,0.5414893627166748,0.881530225276947,0.052425988018512726,0.407433420419693,0.875751256942749,0.04540121555328369
0.49299460649490356,0.22974692285060883,-0.23461656272411346,0.4986330270767212,0.21588829159736633,-0.22023862600326538,0.5018526911735535,0.216329887509346,-0.22025173902511597,0.5051179528236389,0.21690869331359863,-0.22024692595005035,0.490047812461853,0.2144901305437088,-0.219269260764122,0.48688584566116333,0.21405450999736786,-0.21926845610141754,0.4840954840183258,0.21394012868404388,-0.21925494074821472,0.5094115734100342,0.22473973035812378,-0.12696625292301178,0.48053795099258423,0.22126062214374542,-0.12351204454898834,0.49784767627716064,0.2485698014497757,-0.20007936656475067,0.4877113103866577,0.24705731868743896,-0.198764368891716,0.530509352684021,0.3268413245677948,-0.05900474637746811,0.4522133469581604,0.3150060772895813,-0.06380116194486618,0.5418142676353455,0.42836567759513855,-0.04121304675936699,0.4431886672973633,0.4191066324710846,-0.04105019569396973,0.5562630891799927,0.5222707390785217,-0.1576126217842102,0.4417497217655182,0.5065342783927917,-0.1379726082086563,0.5610864758491516,0.5565511584281921,-0.18782027065753937,0.4404365122318268,0.5384104251861572,-0.16949370503425598,0.5573061108589172,0.554214358329773,-0.2199612557888031,0.4456610679626465,0.5353609919548035,-0.19647398591041565,0.5540120005607605,0.5456290245056152,-0.17282579839229584,0.44749489426612854,0.5261831283569336,-0.15118670463562012,0.5080786943435669,0.5327118635177612,-0.0002720537013374269,0.4606291353702545,0.5269860625267029,0.00019047572277486324,0.5173963308334351,0.687791109085083,-0.008567804470658302,0.4437752366065979,0.687277615070343,-0.0007069642888382077,0.5288963913917542,0.8241658806800842,0.15483036637306213,0.4301433563232422,0.8228834867477417,0.15239644050598145,0.5240776538848877,0.8394539952278137,0.16410517692565918,0.4343952238559723,0.8388147950172424,0.16053277254104614,0.5414935946464539,0.8816152215003967,0.052185822278261185,0.4068266749382019,0.875883162021637,0.04854430630803108
0.48716551065444946,0.23072285950183868,-0.2501222491264343,0.49245959520339966,0.21668554842472076,-0.2357887476682663,0.49563780426979065,0.21705298125743866,-0.23579348623752594,0.4987674951553345,0.21759666502475739,-0.23580020666122437,0.4841544032096863,0.21566691994667053,-0.23519466817378998,0.480700820684433,0.2153332233428955,-0.23518279194831848,0.47823184728622437,0.21520324051380157,-0.2351609766483307,0.503315806388855,0.22571855783462524,-0.1434171497821808,0.4739624857902527,0.2225208431482315,-0.14083383977413177,0.4917040467262268,0.2492760270833969,-0.2155866175889969,0.4815777540206909,0.24788931012153625,-0.2147878110408783,0.5245441198348999,0.3270765542984009,-0.07203066349029541,0.44617393612861633,0.317493736743927,-0.08154892176389694,0.5387431979179382,0.4293060600757599,-0.036566462367773056,0.4380684792995453,0.42133694887161255,-0.055882107466459274,0.556159257888794,0.524281919002533,-0.12845268845558167,0.4376082122325897,0.5078883767127991,-0.1474907100200653,0.5613428950309753,0.557765781879425,-0.15383997559547424,0.4380452036857605,0.5388615131378174,-0.17756937444210052,0.5576223731040955,0.5563587546348572,-0.18741419911384583,0.4429095387458801,0.5355469584465027,-0.20622564852237701,0.5541382431983948,0.5484563112258911,-0.1439472734928131,0.4440523087978363,0.5263291597366333,-0.16134753823280334,0.5054284334182739,0.5326858162879944,-0.00015584826178383082,0.4576437175273895,0.5275900959968567,6.346592999761924e-05,0.5154051184654236,0.6889838576316833,-0.008381273597478867,0.44284602999687195,0.6898132562637329,-0.0036919224075973034,0.5289262533187866,0.8241338729858398,0.1597532331943512,0.4301905930042267,0.8229400515556335,0.15415650606155396,0.5244708061218262,0.8393113613128662,0.1693141758441925,0.4343969523906708,0.8387089371681213,0.16316792368888855,0.5409570336341858,0.8815920948982239,0.05773240700364113,0.4068491756916046,0.8758532404899597,0.05170382559299469
0.4814223349094391,0.2313947081565857,-0.22162042558193207,0.4865648150444031,0.2173186093568802,-0.20627903938293457,0.4896680414676666,0.21772003173828125,-0.20629547536373138,0.49274489283561707,0.21823453903198242,-0.20630420744419098,0.4783487617969513,0.21645672619342804,-0.2049574851989746,0.4748777151107788,0.21618850529193878,-0.2049468457698822,0.4725157618522644,0.21607384085655212,-0.20491935312747955,0.49758750200271606,0.22666466236114502,-0.11557937413454056,0.46834152936935425,0.22390083968639374,-0.10935132950544357,0.48600688576698303,0.2497183382511139,-0.18819217383861542,0.4761792719364166,0.24840126931667328,-0.18650470674037933,0.518946647644043,0.327248752117157,-0.05489484593272209,0.44110214710235596,0.3195902109146118,-0.05725429579615593,0.5366552472114563,0.4292590022087097,-0.02454339526593685,0.4332902133464813,0.421806663274765,-0.05230412632226944,0.5565096139907837,0.524199903011322,-0.1160404160618782,0.4332512319087982,0.5078811645507812,-0.15860383212566376,0.5639134645462036,0.5572134852409363,-0.14210431277751923,0.4338935613632202,0.5388327240943909,-0.19169335067272186,0.5616776347160339,0.5563294291496277,-0.17475081980228424,0.43898481130599976,0.5354583263397217,-0.21850556135177612,0.5577064752578735,0.548427402973175,-0.13147377967834473,0.4400736093521118,0.525975227355957,-0.17261451482772827,0.5001498460769653,0.5335736274719238,2.9897908007114893e-06,0.45336201786994934,0.5286381244659424,-9.389811020810157e-05,0.511462390422821,0.6897406578063965,-0.006631885655224323,0.4416499435901642,0.6904021501541138,-0.002869258401915431,0.528820812702179,0.8241082429885864,0.16034378111362457,0.4301926791667938,0.8232986330986023,0.15463940799236298,0.52452152967453,0.8381193280220032,0.16990429162979126,0.4343867599964142,0.839356005191803,0.16325315833091736,0.5405577421188354,0.8816548585891724,0.058613795787096024,0.40669628977775574,0.8754938244819641,0.051535651087760925
0.4754330515861511,0.2322763353586197,-0.20243509113788605,0.48039311170578003,0.21803314983844757,-0.18641336262226105,0.4835880696773529,0.21842490136623383,-0.18643471598625183,0.48660698533058167,0.2188735455274582,-0.18644200265407562,0.4721466302871704,0.2173072248697281,-0.18554162979125977,0.4688929617404938,0.21707408130168915,-0.18553055822849274,0.46653449535369873,0.21696369349956512,-0.18548204004764557,0.491694837808609,0.2273818850517273,-0.09668860584497452,0.46253079175949097,0.22499994933605194,-0.0930260717868805,0.47967010736465454,0.25038644671440125,-0.16980357468128204,0.4701736271381378,0.24924610555171967,-0.1688612997531891,0.5133684277534485,0.32723793387413025,-0.040621742606163025,0.43617600202560425,0.3205263316631317,-0.046450767666101456,0.5356013774871826,0.4282366931438446,-0.012056956999003887,0.4276430904865265,0.42195412516593933,-0.0453622005879879,0.5600412487983704,0.51983642578125,-0.10025046765804291,0.4287862479686737,0.507509171962738,-0.1568145453929901,0.5708126425743103,0.5481192469596863,-0.1250530183315277,0.42924964427948,0.5383898019790649,-0.19025596976280212,0.5689592361450195,0.5488814115524292,-0.15725496411323547,0.4347003698348999,0.5345497727394104,-0.215240016579628,0.5649297833442688,0.5412042140960693,-0.11535370349884033,0.43597105145454407,0.5245664715766907,-0.17071755230426788,0.4944128692150116,0.5335527062416077,0.0001552428147988394,0.4490504264831543,0.5287254452705383,-0.00023670181690249592,0.5083001255989075,0.6896877884864807,-0.0036564937327057123,0.4392795264720917,0.6903483867645264,-0.0026174981612712145,0.5288220643997192,0.8249608278274536,0.13779330253601074,0.43010422587394714,0.8236766457557678,0.13860559463500977,0.5249301791191101,0.840141773223877,0.1439424604177475,0.4343186318874359,0.8398311138153076,0.14500752091407776,0.5407258868217468,0.8813125491142273,0.03432020917534828,0.40689176321029663,0.8753149509429932,0.03684753552079201
0.46965038776397705,0.23346848785877228,-0.21621808409690857,0.4746747314929962,0.21925143897533417,-0.2007380574941635,0.47788745164871216,0.21958255767822266,-0.20076067745685577,0.48093557357788086,0.21994911134243011,-0.20077075064182281,0.4662824869155884,0.21858274936676025,-0.2003181129693985,0.4630565047264099,0.21834446489810944,-0.20031052827835083,0.46061572432518005,0.2181793451309204,-0.2002682387828827,0.4859795570373535,0.2285856455564499,-0.10992381721735,0.4566632807254791,0.22629833221435547,-0.10791376978158951,0.47392356395721436,0.25132888555526733,-0.1828957200050354,0.46416810154914856,0.2503049969673157,-0.18243326246738434,0.5073462128639221,0.3268001973628998,-0.04814722016453743,0.4305272400379181,0.32180729508399963,-0.055289216339588165,0.5365562438964844,0.4225206971168518,-0.012690321542322636,0.42229872941970825,0.4222692847251892,-0.04600374773144722,0.5686928629875183,0.5050134062767029,-0.10051865130662918,0.4230879545211792,0.5073902010917664,-0.15629889070987701,0.5806688070297241,0.5287987589836121,-0.12428919970989227,0.42377379536628723,0.5382747054100037,-0.18920192122459412,0.5794870257377625,0.5315090417861938,-0.15746501088142395,0.42933961749076843,0.5343456864356995,-0.21513333916664124,0.5760062336921692,0.5230621099472046,-0.11605971306562424,0.43055808544158936,0.5243186354637146,-0.16995243728160858,0.4883071184158325,0.5335474610328674,0.0009486554772593081,0.4439438283443451,0.5290064215660095,-0.001044598175212741,0.5055056214332581,0.6892647743225098,-0.003369830083101988,0.4362354278564453,0.6903140544891357,0.0008602028829045594,0.5284940004348755,0.8252862095832825,0.12580808997154236,0.43005692958831787,0.8236845135688782,0.13804978132247925,0.5247470736503601,0.8410930633544922,0.13070793449878693,0.43436750769615173,0.8398934006690979,0.14414620399475098,0.5412372350692749,0.8810362219810486,0.022455601021647453,0.4069100022315979,0.875073254108429,0.03689366206526756
0.4647667109966278,0.23470181226730347,-0.17106769979000092,0.46990349888801575,0.22073985636234283,-0.15428526699543,0.47299566864967346,0.22102101147174835,-0.15434855222702026,0.4762307107448578,0.22140656411647797,-0.15438780188560486,0.4613301157951355,0.21988430619239807,-0.15446367859840393,0.4577999711036682,0.21958255767822266,-0.15443338453769684,0.4552476108074188,0.2193002700805664,-0.154374897480011,0.48077285289764404,0.2297331988811493,-0.06453267484903336,0.4510340988636017,0.22735916078090668,-0.06488890945911407,0.4697788953781128,0.2526637017726898,-0.13870017230510712,0.45954328775405884,0.25171929597854614,-0.13880839943885803,0.5021869540214539,0.3261014223098755,-0.013631731271743774,0.42636170983314514,0.3225201368331909,-0.023792540654540062,0.5361571907997131,0.4117882251739502,0.002209264086559415,0.4176906645298004,0.42210009694099426,-0.03521883487701416,0.5748081803321838,0.47733861207962036,-0.10006707161664963,0.41777822375297546,0.507242739200592,-0.15486417710781097,0.5897005200386047,0.5007401704788208,-0.1271204799413681,0.4174962639808655,0.5382665395736694,-0.1878615766763687,0.5890598297119141,0.5010235905647278,-0.15913882851600647,0.4231366813182831,0.5343559980392456,-0.21326619386672974,0.5838935971260071,0.49467501044273376,-0.11616060882806778,0.42465636134147644,0.5242940783500671,-0.16902798414230347,0.4835927188396454,0.5337611436843872,0.001087959622964263,0.43923479318618774,0.5295759439468384,-0.0011900232639163733,0.5042266249656677,0.6875283718109131,-0.003739715088158846,0.4329393208026886,0.689399003982544,-0.0035625433083623648,0.5278696417808533,0.8254812955856323,0.10720828920602798,0.4295980632305145,0.8236639499664307,0.11581704020500183,0.5241191387176514,0.8414424061775208,0.11102662980556488,0.4342782199382782,0.8397069573402405,0.1204179972410202,0.5412493944168091,0.8808397650718689,0.0028663561679422855,0.40701374411582947,0.874643862247467,0.01595991477370262
0.4603685140609741,0.23569731414318085,-0.16447727382183075,0.46545788645744324,0.22190190851688385,-0.1480410397052765,0.4686499238014221,0.22206974029541016,-0.14810803532600403,0.47198840975761414,0.22242464125156403,-0.14814138412475586,0.45679351687431335,0.2211567610502243,-0.14831523597240448,0.45326417684555054,0.2209460586309433,-0.14827923476696014,0.45052480697631836,0.22073425352573395,-0.14821289479732513,0.4763004183769226,0.230539932847023,-0.05906476452946663,0.44651171565055847,0.229068323969841,-0.058842722326517105,0.465974360704422,0.25391852855682373,-0.1324593424797058,0.45541346073150635,0.25310981273651123,-0.13235849142074585,0.49859297275543213,0.325524240732193,-0.010443557053804398,0.4221305847167969,0.3236998915672302,-0.017045939341187477,0.5360409021377563,0.39376676082611084,-0.00984165258705616,0.4127373993396759,0.42177194356918335,-0.0343191958963871,0.5770720839500427,0.44394779205322266,-0.16222535073757172,0.4125205874443054,0.5075597763061523,-0.15480026602745056,0.5954292416572571,0.4629649817943573,-0.1955108344554901,0.4124751091003418,0.5388838052749634,-0.18732476234436035,0.5945038199424744,0.46224913001060486,-0.22504892945289612,0.41792044043540955,0.5350602865219116,-0.2112240195274353,0.5879536867141724,0.45755842328071594,-0.17866352200508118,0.41930443048477173,0.5248352289199829,-0.1686408668756485,0.47968608140945435,0.5334996581077576,0.0009676619665697217,0.4348520338535309,0.529603898525238,-0.001042818883433938,0.5023544430732727,0.686979353427887,-0.00803215429186821,0.43020638823509216,0.6878181099891663,-0.0003939795424230397,0.526543915271759,0.826000988483429,0.08164279907941818,0.42918550968170166,0.823578417301178,0.11770728975534439,0.5230520367622375,0.842006504535675,0.08333040028810501,0.43422597646713257,0.8399277925491333,0.12205392867326736,0.5412090420722961,0.8811646103858948,-0.02890888974070549,0.4072113633155823,0.8742544054985046,0.0184683408588171
0.4562683403491974,0.2361593097448349,-0.179079070687294,0.46104687452316284,0.2226042002439499,-0.16306595504283905,0.4643038511276245,0.222674161195755,-0.16312702000141144,0.4674997627735138,0.22297610342502594,-0.16315238177776337,0.45242592692375183,0.22213132679462433,-0.16338706016540527,0.44930654764175415,0.22206589579582214,-0.16335272789001465,0.4462738037109375,0.22200945019721985,-0.16329343616962433,0.4718666970729828,0.23095408082008362,-0.07370907813310623,0.4428904354572296,0.2305191606283188,-0.07381711900234222,0.46211281418800354,0.25434720516204834,-0.14685311913490295,0.45157283544540405,0.25377342104911804,-0.14686022698879242,0.49549731612205505,0.3252895474433899,-0.021373821422457695,0.41802021861076355,0.3242538869380951,-0.032338086515665054,0.5358145236968994,0.3807870149612427,-0.03948687016963959,0.4078995883464813,0.42113205790519714,-0.049921438097953796,0.5855344533920288,0.4131169319152832,-0.1926904022693634,0.4065071940422058,0.5082228779792786,-0.16500775516033173,0.6048776507377625,0.4275566637516022,-0.2251431941986084,0.4060710072517395,0.5401853919029236,-0.19320830702781677,0.6036596894264221,0.4218302071094513,-0.25624915957450867,0.41154101490974426,0.5366830229759216,-0.21729092299938202,0.5976925492286682,0.41852322220802307,-0.21024847030639648,0.41302409768104553,0.5264439582824707,-0.1778392642736435,0.47581228613853455,0.5324519276618958,0.0013777217827737331,0.4300052523612976,0.5296843647956848,-0.0014407973503693938,0.4978303909301758,0.6847989559173584,-0.012529656291007996,0.4280678629875183,0.6873705387115479,0.014359802007675171,0.5231016278266907,0.8264142274856567,0.059804532676935196,0.4288182854652405,0.8232207298278809,0.1280800998210907,0.5195128321647644,0.8434839844703674,0.05963702127337456,0.4340234696865082,0.8392486572265625,0.13008235394954681,0.5408915281295776,0.8811144828796387,-0.05622737482190132,0.4097992181777954,0.8739784955978394,0.03321201354265213
0.4524816870689392,0.23599469661712646,-0.18851953744888306,0.45763981342315674,0.2224230319261551,-0.17251716554164886,0.46089833974838257,0.22251950204372406,-0.17256709933280945,0.4639311134815216,0.222830668091774,-0.17258374392986298,0.4486198127269745,0.2219868153333664,-0.17265240848064423,0.44600898027420044,0.22200694680213928,-0.17262431979179382,0.44280704855918884,0.22207032144069672,-0.17257386445999146,0.468343049287796,0.23093269765377045,-0.08386410027742386,0.44007351994514465,0.23079699277877808,-0.08328871428966522,0.4585733413696289,0.25419530272483826,-0.1566668301820755,0.4477115273475647,0.25360625982284546,-0.1564830094575882,0.49366533756256104,0.32469606399536133,-0.023894209414720535,0.4148317873477936,0.32421720027923584,-0.03792990371584892,0.5371564626693726,0.3614087402820587,-0.056347183883190155,0.40366488695144653,0.42112210392951965,-0.04974718019366264,0.5874620079994202,0.37611123919487,-0.18964308500289917,0.40043437480926514,0.5097590088844299,-0.14411745965480804,0.6072518229484558,0.3811235725879669,-0.21975582838058472,0.3981793522834778,0.5419800877571106,-0.1669023633003235,0.6056562066078186,0.3751167356967926,-0.25064170360565186,0.4042057991027832,0.5393709540367126,-0.1933031678199768,0.5995734333992004,0.37460654973983765,-0.20713676512241364,0.4062831699848175,0.5297412276268005,-0.15706130862236023,0.4722278416156769,0.5316152572631836,0.0011754229199141264,0.4260426461696625,0.5296780467033386,-0.0012476010015234351,0.4936220049858093,0.684143602848053,-0.0013635786017403007,0.4269433319568634,0.6863266825675964,0.023473534733057022,0.5187394022941589,0.826404333114624,0.09141247719526291,0.428308367729187,0.8222766518592834,0.14921556413173676,0.5142660140991211,0.8434921503067017,0.09357810020446777,0.43373724818229675,0.838325560092926,0.153803288936615,0.5404912233352661,0.87884122133255,-0.017530692741274834,0.40983259677886963,0.8731197118759155,0.05561401695013046
0.44895315170288086,0.23601511120796204,-0.19261138141155243,0.4539794921875,0.222442626953125,-0.17708908021450043,0.4572855830192566,0.22251807153224945,-0.17713403701782227,0.4603540003299713,0.2228115350008011,-0.17715196311473846,0.44506701827049255,0.22217008471488953,-0.17693184316158295,0.4424103796482086,0.22226540744304657,-0.1769031435251236,0.4392315447330475,0.22240816056728363,-0.1768517941236496,0.464726060628891,0.23090878129005432,-0.08695057779550552,0.43671807646751404,0.23101235926151276,-0.08763536065816879,0.4549253284931183,0.25413891673088074,-0.16116902232170105,0.44418632984161377,0.2535967230796814,-0.1606748253107071,0.4907303750514984,0.3230436444282532,-0.04312274232506752,0.4120229184627533,0.3244726359844208,-0.041209764778614044,0.5379340648651123,0.34542715549468994,-0.06327906250953674,0.40086010098457336,0.42113596200942993,-0.0213455967605114,0.5900841355323792,0.33329716324806213,-0.171755850315094,0.39482513070106506,0.5117015242576599,-0.07363515347242355,0.6089860796928406,0.33617138862609863,-0.19923456013202667,0.3918090760707855,0.5438532829284668,-0.08809585124254227,0.6073042750358582,0.3290824592113495,-0.23056457936763763,0.397575318813324,0.5422318577766418,-0.11615792661905289,0.601073145866394,0.3281841278076172,-0.18884870409965515,0.4000696539878845,0.5329878926277161,-0.08625130355358124,0.47070997953414917,0.5311092734336853,0.00026576247182674706,0.424786776304245,0.529708206653595,-0.0003287305007688701,0.49043092131614685,0.683335542678833,0.017063817009329796,0.42630258202552795,0.6850120425224304,0.019999325275421143,0.5131438374519348,0.8262758851051331,0.11486045271158218,0.4276915490627289,0.8221516609191895,0.1464567631483078,0.5079232454299927,0.8434918522834778,0.11675121635198593,0.4333220422267914,0.838310956954956,0.15196889638900757,0.5360562801361084,0.8755989074707031,0.011912807822227478,0.40981578826904297,0.8731251358985901,0.04978082701563835
0.44682636857032776,0.23595039546489716,-0.19435127079486847,0.451381117105484,0.2223454862833023,-0.17864935100078583,0.4545213282108307,0.22243407368659973,-0.17869503796100616,0.4574384391307831,0.22273452579975128,-0.17871449887752533,0.4422900080680847,0.2220485806465149,-0.17862217128276825,0.4398980736732483,0.22212888300418854,-0.1785959154367447,0.4368496835231781,0.2222832888364792,-0.17855122685432434,0.4616203010082245,0.23086762428283691,-0.08980946987867355,0.4340936839580536,0.23083995282649994,-0.08968698978424072,0.4528571367263794,0.2540813684463501,-0.16292448341846466,0.4418378174304962,0.2535018026828766,-0.16256970167160034,0.48900261521339417,0.319972962141037,-0.04500912129878998,0.4098505973815918,0.3251606225967407,-0.04237085208296776,0.5380619168281555,0.32263848185539246,-0.057473499327898026,0.3975224196910858,0.4214748442173004,-0.014544152654707432,0.5886779427528381,0.2947346270084381,-0.15455365180969238,0.38867267966270447,0.5144023299217224,-0.06695559620857239,0.6060129404067993,0.2899737060070038,-0.17690536379814148,0.3854527175426483,0.5458697080612183,-0.08088524639606476,0.6046254634857178,0.28373053669929504,-0.2036593109369278,0.39069148898124695,0.5446024537086487,-0.10837061703205109,0.598514974117279,0.2847678065299988,-0.16998913884162903,0.3935064375400543,0.535716712474823,-0.07930997759103775,0.46898898482322693,0.5304893851280212,0.00024564197519794106,0.42353370785713196,0.5297842621803284,-0.00030074038659222424,0.48644301295280457,0.6813428997993469,0.031241072341799736,0.42671671509742737,0.6840857863426208,0.016305210068821907,0.5051295161247253,0.8239118456840515,0.1390494704246521,0.42717716097831726,0.8222920894622803,0.1385287344455719,0.49761727452278137,0.8419063091278076,0.14292816817760468,0.43316295742988586,0.8383608460426331,0.1429038643836975,0.5279179811477661,0.8712955117225647,0.03734070062637329,0.41061681509017944,0.873579740524292,0.041044119745492935
0.44525501132011414,0.2359277307987213,-0.19196029007434845,0.45005548000335693,0.22231753170490265,-0.17572873830795288,0.4532567858695984,0.222403883934021,-0.17577297985553741,0.45600154995918274,0.22268472611904144,-0.17578548192977905,0.440630167722702,0.22195157408714294,-0.17533057928085327,0.4381379783153534,0.22202110290527344,-0.17529600858688354,0.4357658326625824,0.2221994400024414,-0.1752520650625229,0.4602605998516083,0.23081329464912415,-0.08547913283109665,0.4324566125869751,0.2307772934436798,-0.08290591090917587,0.4511927664279938,0.2539462447166443,-0.15963497757911682,0.43991199135780334,0.25342807173728943,-0.1588352620601654,0.4863058626651764,0.31610462069511414,-0.03998645767569542,0.4080565869808197,0.3252720832824707,-0.027236925438046455,0.5347750186920166,0.30423516035079956,-0.07002551853656769,0.3946085572242737,0.4222986698150635,0.010583889670670033,0.586828887462616,0.26160159707069397,-0.17968294024467468,0.38478103280067444,0.5169060826301575,-0.037316497415304184,0.6017524600028992,0.24832957983016968,-0.20708398520946503,0.3810163736343384,0.5478415489196777,-0.049639735370874405,0.6007844805717468,0.24030931293964386,-0.22928978502750397,0.3852763772010803,0.5474672317504883,-0.07766470313072205,0.5958090424537659,0.24454399943351746,-0.1937454342842102,0.3885093033313751,0.5390931963920593,-0.04948830232024193,0.46734654903411865,0.529208242893219,-0.0006079554441384971,0.4225080609321594,0.5296716094017029,0.0006006311159580946,0.48289886116981506,0.6799224019050598,0.02681606262922287,0.42565491795539856,0.6826577186584473,0.014700918458402157,0.4969720244407654,0.8201650381088257,0.1429465115070343,0.42606642842292786,0.8223246932029724,0.13878819346427917,0.48922112584114075,0.8391579389572144,0.14782613515853882,0.4328538775444031,0.8383910059928894,0.14316774904727936,0.518716037273407,0.8681451678276062,0.03922189027070999,0.41071969270706177,0.8746874332427979,0.04082443192601204
0.44413259625434875,0.23587994277477264,-0.18647098541259766,0.4487822353839874,0.2222730964422226,-0.16860593855381012,0.45183390378952026,0.22236432135105133,-0.16864292323589325,0.4547716975212097,0.2226291447877884,-0.16865958273410797,0.4394761919975281,0.22187530994415283,-0.16929538547992706,0.4366288185119629,0.22194060683250427,-0.16926853358745575,0.4345897138118744,0.22212642431259155,-0.1692209243774414,0.45832234621047974,0.23076841235160828,-0.0735650509595871,0.4313512444496155,0.2306768149137497,-0.07705194503068924,0.44963306188583374,0.2538912892341614,-0.15239356458187103,0.4384888708591461,0.2533755302429199,-0.15334449708461761,0.4830661714076996,0.31416597962379456,-0.025610430166125298,0.40687862038612366,0.32522037625312805,-0.01589897833764553,0.531297504901886,0.28947752714157104,-0.05353851616382599,0.3922002911567688,0.42262372374534607,0.03920430317521095,0.578322172164917,0.2305304855108261,-0.1299869269132614,0.3815881013870239,0.5168275833129883,0.009276073426008224,0.591381847858429,0.21254581212997437,-0.15434738993644714,0.3771572411060333,0.5475763082504272,-0.0002410669403616339,0.5876099467277527,0.20371949672698975,-0.17353680729866028,0.3813079297542572,0.5471455454826355,-0.028032707050442696,0.5822019577026367,0.21087226271629333,-0.1424703747034073,0.3850592076778412,0.5388860702514648,-0.0022807354107499123,0.4666058123111725,0.527869462966919,-0.0008639107109047472,0.42180007696151733,0.5292733311653137,0.0008983612642623484,0.47930437326431274,0.6782719492912292,0.02326137013733387,0.4244827330112457,0.6802037954330444,0.011709604412317276,0.49111440777778625,0.8181322813034058,0.1501198709011078,0.4254436492919922,0.8222749829292297,0.14177383482456207,0.4851951599121094,0.8377754092216492,0.15649718046188354,0.4323723018169403,0.8381362557411194,0.14737549424171448,0.5112226605415344,0.8661059141159058,0.04862857237458229,0.41087162494659424,0.8748528957366943,0.042231298983097076
0.4426656663417816,0.23588153719902039,-0.17344877123832703,0.4471229910850525,0.22220924496650696,-0.15502016246318817,0.4501088261604309,0.22230777144432068,-0.15504662692546844,0.45323023200035095,0.2225869596004486,-0.15505124628543854,0.43783459067344666,0.22191038727760315,-0.1558515578508377,0.43467843532562256,0.22205354273319244,-0.1558225005865097,0.43244653940200806,0.22232434153556824,-0.15576675534248352,0.4561842978000641,0.23073947429656982,-0.058932386338710785,0.42927688360214233,0.23079703748226166,-0.06334465742111206,0.448215514421463,0.25383901596069336,-0.13890130817890167,0.43683943152427673,0.2533942759037018,-0.14019377529621124,0.4807986319065094,0.3126126229763031,-0.015010376460850239,0.4052886664867401,0.32537248730659485,0.00021481998555827886,0.5260303616523743,0.27820292115211487,-0.060615722090005875,0.39076563715934753,0.42316871881484985,0.0650021880865097,0.5665422081947327,0.20672105252742767,-0.1676761955022812,0.3778552711009979,0.5166598558425903,0.05041211098432541,0.5794333815574646,0.18425820767879486,-0.1964748650789261,0.37251409888267517,0.5473805665969849,0.04398014023900032,0.5752674341201782,0.17388904094696045,-0.21068093180656433,0.3759048581123352,0.5467337965965271,0.017724208533763885,0.5695430040359497,0.18187744915485382,-0.17975975573062897,0.3796902596950531,0.5385481715202332,0.04006084427237511,0.4649178385734558,0.52512127161026,-0.0016766496701166034,0.42009687423706055,0.526517391204834,0.0017639121506363153,0.4751061201095581,0.6761391162872314,0.02054595947265625,0.4249633848667145,0.6779371500015259,0.005598967429250479,0.48522183299064636,0.8179923892021179,0.14435960352420807,0.4255496561527252,0.8222578167915344,0.1371452361345291,0.47946587204933167,0.8376622796058655,0.15031130611896515,0.432324081659317,0.8381289839744568,0.1425858438014984,0.5058265328407288,0.8656925559043884,0.04185239598155022,0.4114331007003784,0.8753548860549927,0.03362298756837845
0.44159895181655884,0.23587666451931,-0.18089260160923004,0.4460837244987488,0.2222398817539215,-0.1632312834262848,0.44929590821266174,0.2223457545042038,-0.16326208412647247,0.45205461978912354,0.22259800136089325,-0.1632688194513321,0.43683022260665894,0.2221240997314453,-0.16392965614795685,0.4337523579597473,0.2223406881093979,-0.16390186548233032,0.4309132993221283,0.2226068377494812,-0.16385219991207123,0.45470407605171204,0.23067916929721832,-0.06693726032972336,0.4278510808944702,0.23090648651123047,-0.0720372274518013,0.4472414255142212,0.25381505489349365,-0.14649613201618195,0.4359029233455658,0.25337427854537964,-0.1477031111717224,0.4788070619106293,0.31043514609336853,-0.02162875421345234,0.40392497181892395,0.32531875371932983,-0.009550412185490131,0.5225473642349243,0.2653834819793701,-0.06591184437274933,0.38918954133987427,0.4232790768146515,0.047137971967458725,0.5573071241378784,0.1786026805639267,-0.17124679684638977,0.37465763092041016,0.5165743827819824,0.018217097967863083,0.5695984363555908,0.15122568607330322,-0.20062407851219177,0.3691188395023346,0.5472813844680786,0.008929148316383362,0.5656929612159729,0.14180459082126617,-0.2163107693195343,0.37255772948265076,0.5463353395462036,-0.017410634085536003,0.560236930847168,0.1486041247844696,-0.18362505733966827,0.3763711750507355,0.5380663871765137,0.007378522772341967,0.4634961187839508,0.5238026976585388,-0.0015728401485830545,0.41901907324790955,0.5249024629592896,0.0016480990452691913,0.4721198081970215,0.6748151779174805,0.019247660413384438,0.42513948678970337,0.67795729637146,0.003330566920340061,0.4830586314201355,0.8177613019943237,0.1503976285457611,0.42560169100761414,0.8220467567443848,0.1466931253671646,0.4764939844608307,0.8375227451324463,0.15748842060565948,0.4322318434715271,0.8374504446983337,0.15399132668972015,0.5029799342155457,0.8665051460266113,0.04725770652294159,0.41194695234298706,0.8761930465698242,0.04171504080295563
0.4399838149547577,0.23596785962581635,-0.2177283763885498,0.44448429346084595,0.22258411347866058,-0.19955703616142273,0.44764286279678345,0.22268588840961456,-0.19958241283893585,0.450391948223114,0.22291530668735504,-0.1995837390422821,0.43551620841026306,0.2225589156150818,-0.20178864896297455,0.43238312005996704,0.22279910743236542,-0.20175650715827942,0.42930230498313904,0.2231639176607132,-0.20173479616641998,0.45274627208709717,0.23069524765014648,-0.09712473303079605,0.4263438284397125,0.23114557564258575,-0.10922174155712128,0.44543927907943726,0.2537723183631897,-0.17985858023166656,0.4344371557235718,0.25333720445632935,-0.1833234429359436,0.477326899766922,0.30803605914115906,-0.04776674881577492,0.4024192988872528,0.3254517614841461,-0.039014000445604324,0.5201907753944397,0.2536483705043793,-0.08929365128278732,0.38841158151626587,0.4241754710674286,0.01386526320129633,0.5485042333602905,0.15299807488918304,-0.18921276926994324,0.3722853660583496,0.5164088606834412,-0.032027050852775574,0.5571114420890808,0.12009216845035553,-0.21948757767677307,0.36647745966911316,0.5472110509872437,-0.04012805595993996,0.5536432266235352,0.11232709884643555,-0.23287273943424225,0.3697114884853363,0.5465924739837646,-0.06425710767507553,0.5495460033416748,0.1232762485742569,-0.20037898421287537,0.3736122250556946,0.5380812883377075,-0.042372651398181915,0.4629007875919342,0.5238009095191956,-0.0014051118632778525,0.41833731532096863,0.5246288776397705,0.0014658609870821238,0.4697262942790985,0.6750206351280212,0.019807079806923866,0.4250851273536682,0.6782242059707642,0.0026898761279881,0.4822691082954407,0.8179189562797546,0.15492109954357147,0.425646036863327,0.8223402500152588,0.14819219708442688,0.4755183756351471,0.8375508785247803,0.16230082511901855,0.4321504831314087,0.8375369310379028,0.1556946188211441,0.5027043223381042,0.8666701912879944,0.054382454603910446,0.4121398627758026,0.8775743842124939,0.044064950197935104
0.43941083550453186,0.2357209324836731,-0.22072254121303558,0.4438481032848358,0.22256894409656525,-0.20177169144153595,0.4467376172542572,0.22267132997512817,-0.20180048048496246,0.44936609268188477,0.22289372980594635,-0.201798677444458,0.4350622892379761,0.22252285480499268,-0.20430387556552887,0.43165871500968933,0.22280719876289368,-0.20427881181240082,0.4288226068019867,0.22324292361736298,-0.20426271855831146,0.4515872895717621,0.23045799136161804,-0.09765377640724182,0.42522478103637695,0.2311084270477295,-0.11066530644893646,0.44519034028053284,0.2526644170284271,-0.18212492763996124,0.4340992867946625,0.25227871537208557,-0.18601888418197632,0.47587138414382935,0.30529671907424927,-0.05103105679154396,0.402463436126709,0.3256062865257263,-0.03931306675076485,0.5173279643058777,0.2445726990699768,-0.09874611347913742,0.38823384046554565,0.42416566610336304,0.010571468621492386,0.5388830304145813,0.13784943521022797,-0.2040552794933319,0.3716585338115692,0.5162273645401001,-0.04260612651705742,0.5434750914573669,0.1034310981631279,-0.23635083436965942,0.36590757966041565,0.5470693707466125,-0.05609401315450668,0.5388365387916565,0.09564897418022156,-0.24636149406433105,0.36923372745513916,0.5464057326316833,-0.08185561001300812,0.5358734726905823,0.10822930186986923,-0.2139407843351364,0.37315431237220764,0.5378391742706299,-0.05392206460237503,0.46189847588539124,0.5235413908958435,-0.001444856752641499,0.4174779951572418,0.5244937539100647,0.0014891390455886722,0.46993622183799744,0.6741383075714111,0.018414143472909927,0.4245452880859375,0.6783533096313477,-0.004025271162390709,0.4821980595588684,0.8180304169654846,0.15249916911125183,0.4258163571357727,0.8224971890449524,0.14709249138832092,0.4750348925590515,0.8378955125808716,0.15995444357395172,0.43225690722465515,0.8377642631530762,0.15495243668556213,0.5029282569885254,0.8670090436935425,0.052270594984292984,0.4121910333633423,0.8779774904251099,0.03938489034771919
0.43787553906440735,0.23553624749183655,-0.217515230178833,0.4425300657749176,0.22247758507728577,-0.1983182728290558,0.4456135630607605,0.22253049910068512,-0.1983419507741928,0.448310911655426,0.2226914018392563,-0.19834071397781372,0.4335740804672241,0.22239407896995544,-0.20072664320468903,0.4303526282310486,0.22246673703193665,-0.20070838928222656,0.4274708926677704,0.2226783186197281,-0.20069129765033722,0.451063334941864,0.22998230159282684,-0.09524740278720856,0.42399704456329346,0.23057134449481964,-0.10694623738527298,0.44391193985939026,0.2517022490501404,-0.17913389205932617,0.4325661063194275,0.2511889934539795,-0.18288324773311615,0.47482332587242126,0.3026891350746155,-0.049656543880701065,0.4023303687572479,0.32618823647499084,-0.0383993424475193,0.5139098763465881,0.23687194287776947,-0.09556315839290619,0.388044536113739,0.42417871952056885,0.0095898462459445,0.5280617475509644,0.12402693927288055,-0.19412480294704437,0.37195149064064026,0.5161165595054626,-0.04394945874810219,0.5319334864616394,0.08882983028888702,-0.22642506659030914,0.36592817306518555,0.546879231929779,-0.05784761160612106,0.5268937945365906,0.08203160762786865,-0.23659422993659973,0.36934810876846313,0.5462606549263,-0.08488956093788147,0.5244824886322021,0.09562660753726959,-0.2037586122751236,0.37357962131500244,0.5376269221305847,-0.05613585561513901,0.46133750677108765,0.5230238437652588,-0.001388141536153853,0.41711729764938354,0.5245351791381836,0.0014279360184445977,0.47006234526634216,0.6743922829627991,0.018043842166662216,0.42394834756851196,0.6788040399551392,-0.007298581302165985,0.4814548194408417,0.816597580909729,0.18483613431453705,0.42594796419143677,0.8227803707122803,0.14907778799533844,0.4745698571205139,0.8361037969589233,0.19622889161109924,0.4326043128967285,0.8385085463523865,0.1578492373228073,0.5003122687339783,0.86727374792099,0.09098978340625763,0.4130907654762268,0.8795506954193115,0.042525675147771835
0.4384991526603699,0.23562052845954895,-0.21338684856891632,0.4431374669075012,0.22263315320014954,-0.19448429346084595,0.44595474004745483,0.2226373702287674,-0.194511279463768,0.4484180808067322,0.22275105118751526,-0.19451339542865753,0.4339764416217804,0.22255951166152954,-0.19656573235988617,0.43078872561454773,0.22258970141410828,-0.19655022025108337,0.4278689920902252,0.22277513146400452,-0.1965290755033493,0.45110782980918884,0.2298925668001175,-0.09114132076501846,0.4236844480037689,0.23055174946784973,-0.10357152670621872,0.44413062930107117,0.25169363617897034,-0.1759529560804367,0.43316924571990967,0.25114959478378296,-0.17923878133296967,0.4739561676979065,0.3010316491127014,-0.04915232956409454,0.40232160687446594,0.3268013298511505,-0.03545362129807472,0.5094419121742249,0.22936676442623138,-0.08588380366563797,0.38768652081489563,0.42416369915008545,0.00047983654076233506,0.5155993103981018,0.11187508702278137,-0.1614290177822113,0.37370020151138306,0.5162138938903809,-0.08149778097867966,0.5187235474586487,0.07838544249534607,-0.1932174116373062,0.36678358912467957,0.5472636818885803,-0.10168970376253128,0.5136685967445374,0.07240435481071472,-0.19751010835170746,0.3708888590335846,0.5465084314346313,-0.12752987444400787,0.5107690095901489,0.08596708625555038,-0.16866879165172577,0.3752827048301697,0.5380657911300659,-0.09394063800573349,0.46142667531967163,0.5216332674026489,-0.005449955817312002,0.41757333278656006,0.5236580967903137,0.005397582892328501,0.47064295411109924,0.6743795275688171,0.006472367327660322,0.4239746630191803,0.6789150834083557,0.013047312386333942,0.4822845160961151,0.8164935111999512,0.16815915703773499,0.42713525891304016,0.822036623954773,0.17410042881965637,0.476161390542984,0.8344709277153015,0.17625398933887482,0.4353805184364319,0.83781898021698,0.18326494097709656,0.49811962246894836,0.8681713938713074,0.06895189732313156,0.4127275347709656,0.8793234825134277,0.07582192867994308
0.4370179772377014,0.23632390797138214,-0.21172000467777252,0.4420960247516632,0.22364188730716705,-0.19087959825992584,0.44527414441108704,0.2235853523015976,-0.19087161123752594,0.4477987587451935,0.2236897051334381,-0.19084300100803375,0.43243077397346497,0.22370250523090363,-0.1935744434595108,0.42951855063438416,0.22363711893558502,-0.19357667863368988,0.42663490772247314,0.22356632351875305,-0.1935696005821228,0.45071375370025635,0.23011617362499237,-0.08530488610267639,0.42310020327568054,0.23096664249897003,-0.09933887422084808,0.4426971673965454,0.25234827399253845,-0.1723008006811142,0.43164435029029846,0.25197505950927734,-0.17681719362735748,0.4734856188297272,0.30060988664627075,-0.0479402169585228,0.4023553431034088,0.3276408016681671,-0.026537345722317696,0.5061590075492859,0.22352834045886993,-0.080917127430439,0.38729655742645264,0.42420244216918945,0.003270110348239541,0.5042244791984558,0.1041334867477417,-0.1345711350440979,0.37557360529899597,0.5162853002548218,-0.07487218081951141,0.5054761171340942,0.06991252303123474,-0.16513511538505554,0.3691222369670868,0.5479076504707336,-0.0943448543548584,0.5006628632545471,0.06432534754276276,-0.1697627604007721,0.37344878911972046,0.5471567511558533,-0.11963731795549393,0.49859312176704407,0.07883723825216293,-0.14161936938762665,0.3774791955947876,0.5388872623443604,-0.08684877306222916,0.4613684117794037,0.5215460658073425,-0.0062847132794559,0.4177415668964386,0.5235560536384583,0.006211887113749981,0.4706837832927704,0.6746273636817932,0.005798424128443003,0.42378106713294983,0.6789467334747314,0.01520856935530901,0.48311370611190796,0.8167018294334412,0.16058911383152008,0.42727792263031006,0.8222625255584717,0.1703023463487625,0.4775363504886627,0.8348721265792847,0.1697593480348587,0.4352775514125824,0.8379404544830322,0.17896206676959991,0.49807262420654297,0.8697240948677063,0.06286001950502396,0.41267088055610657,0.8792337775230408,0.07181068509817123
0.43610647320747375,0.23667044937610626,-0.2098614126443863,0.4412862956523895,0.22425782680511475,-0.18724550306797028,0.4446553885936737,0.22422809898853302,-0.18721874058246613,0.447263240814209,0.22418364882469177,-0.18717505037784576,0.431386262178421,0.22442704439163208,-0.1911693960428238,0.42842069268226624,0.2245408445596695,-0.19119009375572205,0.4255862832069397,0.22476673126220703,-0.1911841332912445,0.4503125548362732,0.23010703921318054,-0.07959909737110138,0.42223241925239563,0.23098242282867432,-0.09700977802276611,0.4417841136455536,0.25286582112312317,-0.16890673339366913,0.4308304190635681,0.25301969051361084,-0.17511437833309174,0.4730059802532196,0.3004853129386902,-0.04783468320965767,0.401987761259079,0.3288990557193756,-0.023567838594317436,0.5023943781852722,0.21628275513648987,-0.08206019550561905,0.3877013325691223,0.42453527450561523,-3.0785664421273395e-05,0.4954950213432312,0.09891162067651749,-0.13555480539798737,0.37692633271217346,0.5164321064949036,-0.08609678596258163,0.4937165081501007,0.0670134499669075,-0.1670367270708084,0.3708031475543976,0.5490454435348511,-0.10788945108652115,0.4892791211605072,0.061991747468709946,-0.1697429120540619,0.3751147985458374,0.5480443239212036,-0.1329604536294937,0.48841601610183716,0.07441097497940063,-0.1420169174671173,0.37893933057785034,0.5397052764892578,-0.09823285043239594,0.4605928063392639,0.5216647982597351,-0.00941348448395729,0.41707664728164673,0.523612916469574,0.009308275766670704,0.46951839327812195,0.6747348308563232,0.0029271594248712063,0.4234886169433594,0.6795228123664856,0.021141430363059044,0.4837785065174103,0.8168589472770691,0.14996741712093353,0.42769142985343933,0.8218802213668823,0.1761668473482132,0.4784300923347473,0.8350073099136353,0.15818904340267181,0.43577277660369873,0.8374762535095215,0.184852734208107,0.4953380823135376,0.8697878122329712,0.044453803449869156,0.41262686252593994,0.8787326216697693,0.07689040154218674
0.43588706851005554,0.23887905478477478,-0.21550814807415009,0.44124382734298706,0.22517625987529755,-0.19460588693618774,0.4446253776550293,0.22509795427322388,-0.19459103047847748,0.4471966326236725,0.22509051859378815,-0.1945497840642929,0.4313756227493286,0.22550511360168457,-0.19783268868923187,0.4283638298511505,0.22564777731895447,-0.19785116612911224,0.42567089200019836,0.22577546536922455,-0.19783471524715424,0.4505450427532196,0.23095105588436127,-0.0872231051325798,0.42255979776382446,0.23143932223320007,-0.10359380394220352,0.4414474368095398,0.25512853264808655,-0.1759454309940338,0.4307021200656891,0.2556236982345581,-0.1809379905462265,0.47325652837753296,0.30043232440948486,-0.05983496084809303,0.40235811471939087,0.33190101385116577,-0.028125448152422905,0.4992446005344391,0.2133580893278122,-0.1111990436911583,0.387922465801239,0.42568764090538025,-0.004324957262724638,0.48660269379615784,0.09942837804555893,-0.1764383614063263,0.37781253457069397,0.5198557376861572,-0.08238194137811661,0.4835788905620575,0.06595359742641449,-0.21204356849193573,0.371905118227005,0.551696240901947,-0.10292549431324005,0.47921517491340637,0.06291528046131134,-0.20904697477817535,0.3762364387512207,0.5511079430580139,-0.12767957150936127,0.4788844883441925,0.074545718729496,-0.1813451647758484,0.3799040615558624,0.5434324145317078,-0.09406998008489609,0.4603242874145508,0.5217600464820862,-0.00864475592970848,0.41678717732429504,0.5236493945121765,0.008545193821191788,0.4701218008995056,0.6749326586723328,0.0027234929148107767,0.4227973222732544,0.6795476078987122,0.01880797930061817,0.48400548100471497,0.8190126419067383,0.13731878995895386,0.42768821120262146,0.8221009373664856,0.16883711516857147,0.47838032245635986,0.8385061621665955,0.1442757248878479,0.43573248386383057,0.8381496667861938,0.17691347002983093,0.49774324893951416,0.8700955510139465,0.03187248483300209,0.41259410977363586,0.8786560893058777,0.06873901933431625
0.4358254671096802,0.23938287794589996,-0.18436746299266815,0.4413778483867645,0.22534354031085968,-0.16402442753314972,0.4449361562728882,0.22531075775623322,-0.16401086747646332,0.44742876291275024,0.22534818947315216,-0.16396759450435638,0.4308946430683136,0.22556863725185394,-0.16651588678359985,0.4278304874897003,0.2257421910762787,-0.16652564704418182,0.42498624324798584,0.22595463693141937,-0.1664988100528717,0.4511161148548126,0.23154862225055695,-0.0632290318608284,0.4220820665359497,0.2318630963563919,-0.07571324706077576,0.44134190678596497,0.2561647593975067,-0.14762067794799805,0.43007010221481323,0.25666937232017517,-0.1514270156621933,0.4735543131828308,0.3003581762313843,-0.04824132099747658,0.40235719084739685,0.33246931433677673,-0.011799945496022701,0.4968102276325226,0.20891587436199188,-0.10239648073911667,0.38840654492378235,0.42595434188842773,0.0052400017157197,0.4781101644039154,0.09849876910448074,-0.1743369847536087,0.3795718848705292,0.5204058289527893,-0.06689252704381943,0.4741029441356659,0.06817495822906494,-0.20773659646511078,0.37473371624946594,0.5522946715354919,-0.08887764066457748,0.47053608298301697,0.06538809835910797,-0.19815248250961304,0.3788387179374695,0.5517322421073914,-0.10899316519498825,0.47071993350982666,0.0741710364818573,-0.17375142872333527,0.38183078169822693,0.5440661311149597,-0.07685711979866028,0.4596252739429474,0.5232020616531372,-0.00842831376940012,0.41565191745758057,0.5250762104988098,0.008317706175148487,0.4699903726577759,0.6776302456855774,0.001053401967510581,0.4226743280887604,0.681352436542511,0.020017344504594803,0.48343324661254883,0.8187333941459656,0.1401391625404358,0.42799192667007446,0.8220942616462708,0.17182721197605133,0.47834309935569763,0.8370860815048218,0.14911670982837677,0.4362938702106476,0.8380522727966309,0.18066652119159698,0.49500176310539246,0.8706651926040649,0.040425971150398254,0.41256794333457947,0.8786863088607788,0.0753757655620575
0.43598824739456177,0.23930542171001434,-0.17023751139640808,0.44169721007347107,0.22530141472816467,-0.1495746225118637,0.4452587068080902,0.2252778261899948,-0.14956121146678925,0.4477498233318329,0.22531965374946594,-0.14951102435588837,0.4310748875141144,0.22552397847175598,-0.15216346085071564,0.4278237521648407,0.22569124400615692,-0.15216657519340515,0.42495664954185486,0.22590844333171844,-0.15212425589561462,0.45152196288108826,0.23161250352859497,-0.04727212339639664,0.42198607325553894,0.23190082609653473,-0.060403235256671906,0.4414307177066803,0.25611892342567444,-0.13327273726463318,0.4299570322036743,0.2566254138946533,-0.13717703521251678,0.47355175018310547,0.300321102142334,-0.029056521132588387,0.40271228551864624,0.3325616121292114,0.000151289306813851,0.494263231754303,0.20609377324581146,-0.09585227072238922,0.38882702589035034,0.4255504608154297,0.019919177517294884,0.4732045829296112,0.10079655796289444,-0.17414246499538422,0.3825938105583191,0.5207337737083435,-0.04193372651934624,0.46732577681541443,0.07134953141212463,-0.20382943749427795,0.37930622696876526,0.5523111820220947,-0.06224577873945236,0.46361228823661804,0.06847766041755676,-0.1953497678041458,0.3838711678981781,0.5517880320549011,-0.0820341408252716,0.464517205953598,0.07699114829301834,-0.17086739838123322,0.386425644159317,0.5441030859947205,-0.051424622535705566,0.4599209129810333,0.5239375829696655,-0.007548410911113024,0.41588497161865234,0.5254963040351868,0.007422658149152994,0.46963533759117126,0.6784094572067261,0.002191071631386876,0.4227772355079651,0.6819316148757935,0.019094377756118774,0.4833584725856781,0.8187265396118164,0.14092370867729187,0.42797669768333435,0.8224517703056335,0.1709718257188797,0.4782111346721649,0.8370877504348755,0.14938421547412872,0.43599608540534973,0.8381897807121277,0.17996954917907715,0.49622973799705505,0.8706727623939514,0.040928300470113754,0.4126991927623749,0.8788541555404663,0.07506277412176132
0.4352830946445465,0.23924466967582703,-0.16810423135757446,0.44118908047676086,0.22527149319648743,-0.14766906201839447,0.4448324143886566,0.22525547444820404,-0.14765408635139465,0.44752126932144165,0.22530041635036469,-0.14759887754917145,0.43039670586586,0.2254820466041565,-0.14945898950099945,0.4271825850009918,0.22569337487220764,-0.14946286380290985,0.4242189824581146,0.2259693741798401,-0.1494247168302536,0.4514995217323303,0.23175126314163208,-0.0471545085310936,0.4215680658817291,0.23265033960342407,-0.05610029399394989,0.4408150315284729,0.2560727000236511,-0.13187845051288605,0.42910557985305786,0.2565416097640991,-0.13461408019065857,0.4735892117023468,0.2995048463344574,-0.030031705275177956,0.4026956558227539,0.3330536186695099,0.005769461393356323,0.4921979606151581,0.20287370681762695,-0.10367845743894577,0.38906341791152954,0.4264164865016937,0.03300389274954796,0.4673828184604645,0.10164011269807816,-0.18230578303337097,0.384952574968338,0.5234882235527039,-0.02335473522543907,0.45927000045776367,0.07077281177043915,-0.2169674187898636,0.38221174478530884,0.5545085668563843,-0.042412158101797104,0.4561317563056946,0.06843763589859009,-0.20908702909946442,0.3872843086719513,0.5539854168891907,-0.06269147247076035,0.4575596749782562,0.07779359072446823,-0.18425384163856506,0.3897431194782257,0.5462556481361389,-0.03286571428179741,0.4592849016189575,0.5246723890304565,-0.007539336569607258,0.4151632487773895,0.5267112255096436,0.00741566950455308,0.46920809149742126,0.6783528327941895,0.0028706961311399937,0.42280128598213196,0.6820894479751587,0.019841833040118217,0.4830668270587921,0.8159198760986328,0.1432904154062271,0.42800289392471313,0.8218960165977478,0.16997557878494263,0.47771772742271423,0.8333871364593506,0.15229541063308716,0.43593350052833557,0.8373751640319824,0.178863525390625,0.49582910537719727,0.8706046342849731,0.04281146824359894,0.4133108854293823,0.8788341283798218,0.07176809012889862
0.43462690711021423,0.2400742918252945,-0.1631854623556137,0.44067203998565674,0.22569933533668518,-0.1429806798696518,0.44446802139282227,0.2256341427564621,-0.14296458661556244,0.4473438560962677,0.22564636170864105,-0.14290645718574524,0.4294898808002472,0.22638750076293945,-0.14495982229709625,0.42637237906455994,0.22701677680015564,-0.14495974779129028,0.4233153164386749,0.2275370955467224,-0.1449134349822998,0.45141199231147766,0.2323690950870514,-0.043903183192014694,0.4208553731441498,0.23450767993927002,-0.0539311021566391,0.44037675857543945,0.25678738951683044,-0.12754949927330017,0.4284003674983978,0.25728270411491394,-0.1305127590894699,0.4730141758918762,0.29965242743492126,-0.027805358171463013,0.4020785987377167,0.3332187533378601,0.0029882346279919147,0.49055251479148865,0.20161612331867218,-0.10009894520044327,0.389251172542572,0.4274892508983612,0.026082603260874748,0.46268585324287415,0.10246029496192932,-0.17831048369407654,0.3870292603969574,0.5231510400772095,-0.031790174543857574,0.45357558131217957,0.07173928618431091,-0.2110254466533661,0.38465532660484314,0.554236650466919,-0.051019348204135895,0.450835645198822,0.07022809237241745,-0.2045750916004181,0.3902592658996582,0.5537208914756775,-0.07125731557607651,0.4526938498020172,0.07984300702810287,-0.18267159163951874,0.39292317628860474,0.5458933711051941,-0.04133976623415947,0.4594999849796295,0.5250851511955261,-0.006002924405038357,0.4152620732784271,0.5274314284324646,0.005877526942640543,0.4694935977458954,0.6785079836845398,0.006432143971323967,0.4227677583694458,0.6826534271240234,0.01878475956618786,0.4831211268901825,0.8163179159164429,0.13960783183574677,0.42799416184425354,0.8219732642173767,0.15776625275611877,0.4777212142944336,0.8343130350112915,0.14722700417041779,0.43587929010391235,0.8373796939849854,0.16545575857162476,0.49676182866096497,0.8718065023422241,0.04078609123826027,0.41326040029525757,0.8788127899169922,0.059523604810237885
0.4345231056213379,0.2401871234178543,-0.16086721420288086,0.4404312074184418,0.22571071982383728,-0.14007681608200073,0.4442456364631653,0.2256336659193039,-0.14006181061267853,0.44717931747436523,0.22563956677913666,-0.1400080770254135,0.4292374551296234,0.22656607627868652,-0.1429155021905899,0.42610782384872437,0.22738581895828247,-0.14291085302829742,0.42306002974510193,0.2280556559562683,-0.14286118745803833,0.4511893391609192,0.23261116445064545,-0.03847537934780121,0.4205233156681061,0.23521709442138672,-0.052759647369384766,0.4402463138103485,0.25689998269081116,-0.12428504973649979,0.4283105134963989,0.2574120759963989,-0.12842313945293427,0.4724734127521515,0.2995193898677826,-0.021569078788161278,0.40173807740211487,0.3337079584598541,0.003242438891902566,0.48846927285194397,0.1982659250497818,-0.09259481728076935,0.3893980085849762,0.42936620116233826,0.023080648854374886,0.4579241871833801,0.10056940466165543,-0.15848733484745026,0.38929352164268494,0.5230293273925781,-0.0355554036796093,0.4484190344810486,0.07031325995922089,-0.19433921575546265,0.38741567730903625,0.5540542602539062,-0.055274322628974915,0.445549339056015,0.06966684013605118,-0.1868467479944229,0.3942340910434723,0.55349200963974,-0.07518095523118973,0.4475794732570648,0.07925938814878464,-0.16173388063907623,0.39692312479019165,0.545693039894104,-0.04482017457485199,0.45964017510414124,0.5255907773971558,-0.0036298425402492285,0.4153079688549042,0.5280783176422119,0.0035153606440871954,0.469736784696579,0.6786110401153564,0.007395523134618998,0.42279884219169617,0.6826640963554382,0.016735311597585678,0.4831467866897583,0.8187971711158752,0.13579365611076355,0.42821893095970154,0.8217443227767944,0.15387679636478424,0.47781243920326233,0.8380102515220642,0.1427282989025116,0.4362373650074005,0.8370369672775269,0.1616445630788803,0.49682191014289856,0.874505877494812,0.03640812635421753,0.41342809796333313,0.8787787556648254,0.054435618221759796
0.4340272843837738,0.2408703863620758,-0.18207046389579773,0.4399021863937378,0.22607694566249847,-0.1617945283651352,0.4437005817890167,0.22595089673995972,-0.1617693454027176,0.4468158781528473,0.22585193812847137,-0.16170834004878998,0.42870357632637024,0.22744809091091156,-0.1643449366092682,0.4256283640861511,0.22848615050315857,-0.16434577107429504,0.42259740829467773,0.22927138209342957,-0.16429270803928375,0.45091402530670166,0.2330615520477295,-0.05899837985634804,0.42010217905044556,0.23635247349739075,-0.07234276831150055,0.43988651037216187,0.2573980689048767,-0.1448017656803131,0.4279581308364868,0.25794318318367004,-0.14859183132648468,0.47207361459732056,0.29960566759109497,-0.04107145965099335,0.40170589089393616,0.3340258002281189,-0.014348206110298634,0.486721396446228,0.1983659267425537,-0.10744980722665787,0.3894733786582947,0.4309503734111786,0.006429222412407398,0.4562855660915375,0.10085175931453705,-0.1720736175775528,0.39208415150642395,0.5230119824409485,-0.047544341534376144,0.4462052881717682,0.07035911083221436,-0.20905549824237823,0.3907349705696106,0.553955078125,-0.06802083551883698,0.4432291090488434,0.0694945901632309,-0.20270110666751862,0.39796656370162964,0.5533747673034668,-0.0857289582490921,0.4454154074192047,0.07931917905807495,-0.17556792497634888,0.40027761459350586,0.545539140701294,-0.05564894154667854,0.45973387360572815,0.5261510014533997,-0.002266169525682926,0.4154171347618103,0.5287230610847473,0.002154615009203553,0.4696933329105377,0.6786688566207886,0.016636310145258904,0.4229511618614197,0.6820436716079712,0.016377093270421028,0.48277896642684937,0.8187403678894043,0.1450662612915039,0.4283498525619507,0.8212907314300537,0.1559930294752121,0.47731223702430725,0.8380699157714844,0.15238220989704132,0.4362502694129944,0.8369287848472595,0.16444022953510284,0.49708086252212524,0.874159038066864,0.04873795062303543,0.41392266750335693,0.8781074285507202,0.05638226494193077
0.43359482288360596,0.24117790162563324,-0.18132367730140686,0.4394616186618805,0.22630123794078827,-0.16130734980106354,0.4432030916213989,0.22615715861320496,-0.16128143668174744,0.4464275538921356,0.22598934173583984,-0.1612204760313034,0.4283868372440338,0.22795012593269348,-0.1635366827249527,0.4253672659397125,0.22903256118297577,-0.16353484988212585,0.42240670323371887,0.22984853386878967,-0.16347961127758026,0.45056599378585815,0.2333340346813202,-0.05939649045467377,0.4198358654975891,0.23676155507564545,-0.0712982714176178,0.43951138854026794,0.2575083374977112,-0.14441871643066406,0.4276476502418518,0.2580861449241638,-0.14775483310222626,0.47212520241737366,0.299246609210968,-0.040492359548807144,0.4018019437789917,0.33397406339645386,-0.014212271198630333,0.48640432953834534,0.19835765659809113,-0.10565008223056793,0.38962629437446594,0.430813729763031,0.007242999039590359,0.45506247878074646,0.10081932693719864,-0.1552906334400177,0.3948679566383362,0.5226098299026489,-0.04605693742632866,0.44495221972465515,0.06994941085577011,-0.1906236708164215,0.3943338990211487,0.5535180568695068,-0.06603161245584488,0.44188493490219116,0.06922632455825806,-0.18439273536205292,0.4018124043941498,0.5519862771034241,-0.0838327556848526,0.4440576434135437,0.07937899976968765,-0.15855731070041656,0.40371039509773254,0.5438880920410156,-0.054188862442970276,0.45982837677001953,0.5264012813568115,-0.0014609831850975752,0.4154845178127289,0.5287466049194336,0.0013579354854300618,0.4697851836681366,0.678740382194519,0.018804609775543213,0.4229852557182312,0.6820248365402222,0.018064117059111595,0.4825895130634308,0.8181471824645996,0.1488259881734848,0.4286331832408905,0.8206756711006165,0.15759798884391785,0.4766917824745178,0.8378115892410278,0.1563979536294937,0.436610609292984,0.8366414308547974,0.16608509421348572,0.4974997639656067,0.8738506436347961,0.05367431417107582,0.413902223110199,0.8766250610351562,0.05894695594906807
0.4332347512245178,0.24124908447265625,-0.19060368835926056,0.43912962079048157,0.22630704939365387,-0.1707482933998108,0.44288283586502075,0.22616153955459595,-0.17071901261806488,0.44617176055908203,0.2259853184223175,-0.17065924406051636,0.42799195647239685,0.22804559767246246,-0.17223581671714783,0.4249953329563141,0.22917842864990234,-0.17223671078681946,0.421995609998703,0.23003114759922028,-0.17218169569969177,0.4503798484802246,0.23337993025779724,-0.06913811713457108,0.4194997251033783,0.23701941967010498,-0.07710637152194977,0.43926510214805603,0.257524698972702,-0.1537603884935379,0.4273310899734497,0.25812292098999023,-0.15602725744247437,0.47209644317626953,0.2992004156112671,-0.046605538576841354,0.4018858075141907,0.3340038061141968,-0.018494755029678345,0.4858280420303345,0.19747962057590485,-0.10963138192892075,0.38968372344970703,0.43078041076660156,0.002597522223368287,0.45438483357429504,0.10004770755767822,-0.1661754995584488,0.3956068456172943,0.5218108296394348,-0.05023244395852089,0.4442327618598938,0.06973927468061447,-0.20252516865730286,0.39542052149772644,0.5524225831031799,-0.0707736685872078,0.44108104705810547,0.06890321522951126,-0.1951393187046051,0.4030841290950775,0.5499427914619446,-0.08704831451177597,0.4432932138442993,0.07901374250650406,-0.16917821764945984,0.4048176407814026,0.5415056943893433,-0.05777072161436081,0.4599403738975525,0.5268752574920654,-0.001455369172617793,0.4155599772930145,0.5290200114250183,0.0013535176403820515,0.46981117129325867,0.678943395614624,0.018172262236475945,0.423025518655777,0.6822047829627991,0.020350134000182152,0.4826139211654663,0.8178449869155884,0.1547086238861084,0.42878955602645874,0.820403516292572,0.16593830287456512,0.47663459181785583,0.8375096321105957,0.16300253570079803,0.43687546253204346,0.8364019989967346,0.1748775690793991,0.49779313802719116,0.8737305402755737,0.05709097161889076,0.4139319658279419,0.8759613037109375,0.06595034897327423
0.4329884946346283,0.24126210808753967,-0.19701382517814636,0.43884947896003723,0.22630760073661804,-0.17713208496570587,0.44257837533950806,0.22616474330425262,-0.177104651927948,0.44590678811073303,0.22598139941692352,-0.17704644799232483,0.42771846055984497,0.22811627388000488,-0.17861108481884003,0.42473652958869934,0.2292901873588562,-0.178615540266037,0.42173731327056885,0.23017297685146332,-0.1785663217306137,0.4501120448112488,0.23339995741844177,-0.07522404193878174,0.4192327857017517,0.23721584677696228,-0.08292942494153976,0.43904954195022583,0.25750839710235596,-0.16002744436264038,0.4270787239074707,0.2581291198730469,-0.16228777170181274,0.4720110297203064,0.2990250289440155,-0.05047639086842537,0.40192094445228577,0.3340205252170563,-0.02323065884411335,0.4859282374382019,0.19768758118152618,-0.11075582355260849,0.38974693417549133,0.4307689666748047,-0.0015310787130147219,0.4541451632976532,0.10009287297725677,-0.17091092467308044,0.3955633342266083,0.5215408205986023,-0.05524183437228203,0.44405239820480347,0.06960166990756989,-0.2071087658405304,0.395377516746521,0.5519875288009644,-0.07612482458353043,0.4409456253051758,0.0688643604516983,-0.20081454515457153,0.4029584228992462,0.549246609210968,-0.09227433055639267,0.4431394040584564,0.07904967665672302,-0.17436370253562927,0.40468713641166687,0.5408468246459961,-0.06275126338005066,0.4599723517894745,0.5274063348770142,-0.0013293693773448467,0.4156409800052643,0.529508113861084,0.0012258697533980012,0.46983909606933594,0.6791648864746094,0.018026327714323997,0.4230555295944214,0.6823716163635254,0.02101956680417061,0.48261216282844543,0.8172934651374817,0.16189680993556976,0.42882654070854187,0.8200586438179016,0.1719859391450882,0.4765762388706207,0.8366620540618896,0.17102578282356262,0.43685218691825867,0.8359920382499695,0.18147237598896027,0.4979150891304016,0.8736132979393005,0.06399673223495483,0.41403836011886597,0.8755297064781189,0.07155594229698181
0.4328829050064087,0.24134643375873566,-0.21165497601032257,0.4386955797672272,0.22633983194828033,-0.19195057451725006,0.44239699840545654,0.22619158029556274,-0.19192393124103546,0.4457292854785919,0.22598713636398315,-0.1918635070323944,0.42757660150527954,0.22825168073177338,-0.1935133934020996,0.42458364367485046,0.22945623099803925,-0.19352282583713531,0.4216029942035675,0.230366051197052,-0.19348326325416565,0.4499484896659851,0.23340964317321777,-0.08985073864459991,0.41907501220703125,0.23740988969802856,-0.0976528450846672,0.43893176317214966,0.25752443075180054,-0.17446734011173248,0.4269756078720093,0.2581973969936371,-0.17678475379943848,0.4719664454460144,0.2988846004009247,-0.06372935324907303,0.401934951543808,0.3341740369796753,-0.03683045879006386,0.4863409996032715,0.1983117312192917,-0.12692637741565704,0.38977891206741333,0.43072208762168884,-0.018228067085146904,0.45473968982696533,0.10090392827987671,-0.1953950673341751,0.3952510952949524,0.5214982628822327,-0.07673521339893341,0.44464483857154846,0.06998725980520248,-0.23235346376895905,0.3950197398662567,0.5519695281982422,-0.09848535805940628,0.44158685207366943,0.06938069313764572,-0.2279479205608368,0.402344673871994,0.5491190552711487,-0.11567412316799164,0.4437650442123413,0.07968152314424515,-0.19972632825374603,0.40407052636146545,0.54075688123703,-0.08473975956439972,0.46005725860595703,0.5278176069259644,-0.001409358810633421,0.41567522287368774,0.5298694372177124,0.0013020063051953912,0.46977242827415466,0.679135262966156,0.017574040219187737,0.4230816066265106,0.6823728084564209,0.023632187396287918,0.48241129517555237,0.8158591985702515,0.16060520708560944,0.4289005696773529,0.8192898035049438,0.17342521250247955,0.4762745499610901,0.8351308703422546,0.16941390931606293,0.43685972690582275,0.8353562951087952,0.18260809779167175,0.49771976470947266,0.8727704286575317,0.06236184388399124,0.41420844197273254,0.874601423740387,0.07317005097866058
0.43272823095321655,0.24138055741786957,-0.2063789963722229,0.43852508068084717,0.22633787989616394,-0.18652746081352234,0.44221681356430054,0.22618934512138367,-0.1865045577287674,0.4455701410770416,0.22598199546337128,-0.18644608557224274,0.42742449045181274,0.22829923033714294,-0.18802855908870697,0.4244396984577179,0.2295307219028473,-0.18803295493125916,0.42147091031074524,0.23046071827411652,-0.18799185752868652,0.4498293697834015,0.23341701924800873,-0.08514590561389923,0.4189728796482086,0.23755551874637604,-0.09273698925971985,0.43882235884666443,0.2575262188911438,-0.16960690915584564,0.42689278721809387,0.2582341134548187,-0.17181840538978577,0.47194811701774597,0.2988942265510559,-0.060942403972148895,0.40196558833122253,0.33422383666038513,-0.03442651778459549,0.4863124489784241,0.19896045327186584,-0.12782232463359833,0.3897048830986023,0.42991408705711365,-0.022429008036851883,0.4557604491710663,0.10133898258209229,-0.19797325134277344,0.39492279291152954,0.5199675559997559,-0.08737640827894211,0.4458273649215698,0.0699615404009819,-0.23527571558952332,0.39431217312812805,0.5507912039756775,-0.11061634123325348,0.4427298307418823,0.06915485113859177,-0.23162518441677094,0.40136459469795227,0.548094630241394,-0.12788839638233185,0.44487330317497253,0.07950999587774277,-0.20272795855998993,0.40326017141342163,0.5395581722259521,-0.09580309689044952,0.4600919783115387,0.5279005169868469,-0.0014410080621019006,0.4155706465244293,0.5299370288848877,0.001333960797637701,0.4697517454624176,0.678925096988678,0.017233431339263916,0.42302432656288147,0.6823108196258545,0.023509200662374496,0.48232904076576233,0.8143479824066162,0.1596674919128418,0.4289053976535797,0.8182128071784973,0.17204615473747253,0.4759974479675293,0.8335973024368286,0.16829515993595123,0.4368455708026886,0.8343300819396973,0.18099838495254517,0.4976426064968109,0.8709133863449097,0.061464712023735046,0.4142936170101166,0.8735202550888062,0.0719379186630249
